title,url,section
"조현 ""동결-감축-폐기 단계적 비핵화 전략 마련""",https://n.news.naver.com/mnews/article/001/0015571531,정치
"김대중 16주기…野송언석 ""포용과 관용의 정치 주목받는 현실""",https://n.news.naver.com/mnews/article/008/0005237218,정치
"정청래, 교회 연합 찾아 “종교계가 남북 관계의 길 열어달라”",https://n.news.naver.com/mnews/article/056/0012010842,정치
정청래가 불지핀 역사전쟁...  “1919년 건국 부정하면 역사 내란”,https://n.news.naver.com/mnews/article/023/0003923658,정치
"통일부 ""尹정부 '8·15 통일 독트린' 폐기…남북 신뢰회복 일관되게 추진""",https://n.news.naver.com/mnews/article/119/0002991979,정치
국힘 전대 D-5…당권 주자들 막판 표심 잡기 총력,https://n.news.naver.com/mnews/article/003/0013425241,정치
‘친민주’방송법· ‘반시장’ 양곡법 현실화 수순,https://n.news.naver.com/mnews/article/021/0002730104,정치
조국 “극우정당화 국민의힘 세력 ‘0’ 돼야…의석수 반 이상 줄이는 게 시대적 과제”,https://n.news.naver.com/mnews/article/016/0002515751,정치
李대통령 지지율 51.1%…취임 후 최저치[리얼미터],https://n.news.naver.com/mnews/article/018/0006092318,정치
"조국, 18일 DJ 묘역 참배...정치 활동 공식화",https://n.news.naver.com/mnews/article/666/0000081414,정치
"국민의힘 지도부도 ""당 극우화 걱정…'전한길 블랙홀'로 빠져선 안 돼""",https://n.news.naver.com/mnews/article/002/0002401879,정치
“윤석열 수갑·전자발찌 과하다? 윤 정권 때 만든 규정”,https://n.news.naver.com/mnews/article/028/0002761723,정치
"김문수 찾아간 전한길의 속내 ""전당대회 들어가게 해달라""",https://n.news.naver.com/mnews/article/047/0002484849,정치
국힘 반탄파 ‘김앤장’ 결선···‘선명 극우’ 경쟁 불 붙나,https://n.news.naver.com/mnews/article/032/0003390217,정치
"국힘, 특검·서부지법 앞 의총…""압수수색·영장발부 규탄""(종합)",https://n.news.naver.com/mnews/article/003/0013427975,정치
"정동영 ""'北, 대남 확성기 일부 철거' 정부 발표 신중했어야""",https://n.news.naver.com/mnews/article/015/0005172064,정치
"최수진, 양향자 직격…""'문재인 키즈, 과거 국민의힘 공격에 앞장""",https://n.news.naver.com/mnews/article/119/0002992130,정치
지지율 하락 李대통령…한일·한미 정상회담 성과로 반등할까,https://n.news.naver.com/mnews/article/018/0006092906,정치
조국 ‘대표직 복귀’ 시동…“마음 같아선 국힘 0석 돼야”,https://n.news.naver.com/mnews/article/028/0002761714,정치
동영상뉴스재생시간28:18,https://n.news.naver.com/mnews/article/422/0000771713,정치
"[여의도1번지] 여야, DJ 추모식서도 대치…특검, 국힘 압수수색 재시도",https://n.news.naver.com/mnews/article/422/0000771713,정치
"김어준 유튜브 나간 조국 ""어떤 경우든 내년 6월 국민 선택 구할 것""",https://n.news.naver.com/mnews/article/448/0000550408,정치
"국힘, '압색 영장' 발부한 법원 앞 의원총회‥""특검의 영장 자동발급기 전락""",https://n.news.naver.com/mnews/article/214/0001443440,정치
거리로 나선 국민의힘…'당사 압수수색'에 총력전[영상],https://n.news.naver.com/mnews/article/079/0004056690,정치
"정동영 ""北, 통일전선부 간판 없앴지만…사무실·인원은 그대로""",https://n.news.naver.com/mnews/article/421/0008433839,정치
"국힘 ""李정권 행동대장 민중기 특검, 위헌·위법 압색 중단하라""",https://n.news.naver.com/mnews/article/586/0000109642,정치
"김건희 특검, 국힘 압색 영장 재집행 예고…“수사 빙자한 범죄” [종합]",https://n.news.naver.com/mnews/article/016/0002515770,정치
"조국 ""할말 많지만 법원 판결 수용""에 개혁신당 ""부끄러운 줄 알아야""",https://n.news.naver.com/mnews/article/006/0000131361,정치
"안철수 ""땡큐 조국! 더욱 가열차게 활동해 달라···이재명 정권의 'X맨' 역할 톡톡""",https://n.news.naver.com/mnews/article/657/0000041846,정치
"특정 후보 지지 안 한다는 전한길 ""조경태·안철수 주장은 내부총질""",https://n.news.naver.com/mnews/article/008/0005237366,정치
"이재명 정부, '조중동 중심' 정부광고 집행 손 본다",https://n.news.naver.com/mnews/article/006/0000131360,정치
동영상뉴스재생시간01:51,https://n.news.naver.com/mnews/article/055/0001284734,정치
"[자막뉴스] ""조국은 사면이 아니라 탈옥한 것"" 한동훈 SNS로 설전",https://n.news.naver.com/mnews/article/055/0001284734,정치
"한우 먹고 된장찌개 올린 조국에…野 박정훈 ""구제불능""",https://n.news.naver.com/mnews/article/015/0005172054,정치
"조국 ""마음 같아선 국힘 0석 돼야""…로키 없이 첫날 출마 직행",https://n.news.naver.com/mnews/article/421/0008433810,정치
"국힘 극우화 척도? ""김근식이냐, 김민수냐"" 최고위원 '라스트 티켓' 주인공은",https://n.news.naver.com/mnews/article/469/0000882136,정치
"이 대통령 ""을지훈련, 北 공격 의도 아냐... 남북합의 이행준비를""",https://n.news.naver.com/mnews/article/469/0000882132,정치
"조국 ""투표로 국민의힘 끝장내야""…내년 6월 선거 출마 의사(종합)",https://n.news.naver.com/mnews/article/001/0015571824,정치
"조국, '청년에 사과' 요구에 ""사과한다고 2030이 마음 열겠나""",https://n.news.naver.com/mnews/article/002/0002401869,정치
"국힘, 서울중앙지법 앞 의총…""李정권 하수인 노릇 중단하라""(종합)",https://n.news.naver.com/mnews/article/421/0008433772,정치
“DJ였다면” 추도식서도 충돌한 여야…정청래-송언석 또 악수 안 해,https://n.news.naver.com/mnews/article/028/0002761709,정치
"안철수, 조국 향해 ""땡큐! 더 가열찬 활동해 달라""… '응원' 이유는?",https://n.news.naver.com/mnews/article/469/0000882126,정치
"전한길 ""장동혁 지지 오해‥김문수·장동혁 모두 훌륭""",https://n.news.naver.com/mnews/article/214/0001443432,정치
"李 지지율 2주간 12.2%p 떨어지자... 안철수 “땡큐 조국, X맨”",https://n.news.naver.com/mnews/article/023/0003923710,정치
"한동훈 “조국, 사실상 탈옥…무죄라면 재심 청구해야”",https://n.news.naver.com/mnews/article/021/0002730144,정치
“저기 도쿄역 아냐?” ‘광복80주년’ 영상인데 정신나간 국토부,https://n.news.naver.com/mnews/article/016/0002515753,정치
"조국, 김대중 전 대통령 묘역 참배‥ “국민의힘 정상적인 집단 아냐”",https://n.news.naver.com/mnews/article/022/0004060824,정치
"DJ 추도식에서 '아전인수'...민주 ""내란세력 척결""·국힘 ""정치보복 안돼""",https://n.news.naver.com/mnews/article/123/0002366125,정치
"미래에셋운용, 코리아원자력 ETF 상장…‘조·방·원’ 라인업 완성",https://n.news.naver.com/mnews/article/029/0002975955,경제
"정부, 테러 관련자 소유·지배 법인도 금융거래 제한",https://n.news.naver.com/mnews/article/448/0000550353,경제
'미 관세 직격탄' 현대차·기아 협력사에 6천300억 원 우대 금융,https://n.news.naver.com/mnews/article/055/0001284721,경제
연일 오르는 日닛케이지수…0.8% 올라 사상 최고치 재차 경신,https://n.news.naver.com/mnews/article/015/0005172058,경제
"윤동한 콜마그룹 회장, 윤상현 부회장과 경영분쟁 후 첫 독대…“말보다 행동 변화가 중요”",https://n.news.naver.com/mnews/article/011/0004522119,경제
"곽노정 사장 ""존폐 위기 하이닉스, SK 만나 시총 200조원 달성""",https://n.news.naver.com/mnews/article/092/0002386516,경제
"소상공인 전용 ‘1000만원 마통’ 인기에...서울시, 2000억 규모 ‘안심통장 2호’ 출시",https://n.news.naver.com/mnews/article/023/0003923701,경제
"넥스트레이드, YG플러스 등 79개 종목 거래중지…‘15%룰’ 규제탓",https://n.news.naver.com/mnews/article/658/0000117100,경제
용산서 보증금 10억에 월 3천만원 계약됐다…월세 거래 100만건 시대 열려,https://n.news.naver.com/mnews/article/009/0005542784,경제
"현대차그룹 정주영·정몽구·정의선 ""글로벌 자동차산업 발전에 지대한 영향""",https://n.news.naver.com/mnews/article/277/0005638154,경제
美 관세 '폭격'에 코스피·코스닥 동반 하락,https://n.news.naver.com/mnews/hotissue/article/011/0004522173?type=series&cid=2002730,경제
美 관세 무섭네…건설기계·전력기기株 '우수수',https://n.news.naver.com/mnews/hotissue/article/011/0004522039?type=series&cid=2002730,경제
2兆 공개매수 HMM…주가 11% 급등,https://n.news.naver.com/mnews/hotissue/article/011/0004521945?type=series&cid=2002730,경제
상법 개정에 자사주 소각 ‘활활’…전년比 256% 급증,https://n.news.naver.com/mnews/hotissue/article/011/0004521905?type=series&cid=2002730,경제
"러우 전쟁 종전 가능성에 방산주 '지지부진'…증권가는 ""그래도 더 간다""",https://n.news.naver.com/mnews/article/015/0005172078,경제
한미 정상회담 앞두고…조선株 ETF 수익률 '고공행진',https://n.news.naver.com/mnews/article/015/0005172077,경제
"""스테이블코인 이자지급 막아야…효율·안정성 저해""",https://n.news.naver.com/mnews/article/001/0015571978,경제
"""내가 천사를 만났네""…자영업자 눈물나게 한 할아버지 한 마디",https://n.news.naver.com/mnews/article/243/0000083242,경제
네카토에 은행까지 모두 모여 머리 맞댔다…“한국의 금융식민지화 막아야”,https://n.news.naver.com/mnews/article/009/0005543179,경제
"루닛, 실적 구조 전환 본격화…하반기도 지속형 매출 확대 무게",https://n.news.naver.com/mnews/article/008/0005237386,경제
"[단독] 제네시스 전기차 美생산 중단…현대차, 글로벌 공급망 재설계",https://n.news.naver.com/mnews/article/011/0004522176,경제
"“‘땅장사’식 LH 택지공급, 임대로 바꿔야…개발이익 환수·집값 안정 해법”",https://n.news.naver.com/mnews/article/029/0002976020,경제
연휴 전날 장 마감 뒤 슬그머니…‘올빼미 공시’ 올해도 반복,https://n.news.naver.com/mnews/article/018/0006092919,경제
문 닫을 뻔한 회사가 1등 되기까지...곽노정 “SK 만나 완전히 바뀌었다”,https://n.news.naver.com/mnews/article/009/0005543176,경제
“이사 걱정에 잠이 안 와요”…정부 제재 예고에 떠는 포스코이앤씨 계약자들,https://n.news.naver.com/mnews/article/009/0005543173,경제
졌지만 이긴 롯데면세점… 인천공항 철수·中 다이궁 손절이 만든 반전,https://n.news.naver.com/mnews/article/293/0000071268,경제
상반기 생보사 실적 양극화…누가 잘했나 봤더니,https://n.news.naver.com/mnews/article/648/0000038930,경제
"[제약사 리포트] 삼일제약, 첫 개량신약 레바케이 고전…캐시카우 플랜 유효할까",https://n.news.naver.com/mnews/article/293/0000071267,경제
"日·대만 주가 사상 최고가, 한국은 왜?",https://n.news.naver.com/mnews/article/023/0003923718,경제
더본코리아 악재 겹쳤다⋯적자전환·악성 유튜버 공격에 ‘울상’,https://n.news.naver.com/mnews/article/009/0005543168,경제
"코스피, 美관세·인플레 우려에 3,170선 마감…1.5% 급락(종합)",https://n.news.naver.com/mnews/article/001/0015571950,경제
"‘박스’에 갇힌 코스피, ‘사상 최고’ 닛케이…“내년이 더 걱정”",https://n.news.naver.com/mnews/article/029/0002976019,경제
"""신규 투자에 교수 영입까지""... 삼양식품 3세 전병우, 헬스케어 '풀악셀'",https://n.news.naver.com/mnews/article/293/0000071266,경제
"윤동한 콜마 회장, 아들과 독대했지만... ""말 아닌 행동 필요""",https://n.news.naver.com/mnews/article/293/0000071265,경제
"""반도체 관세 300% 가능성""…외국인, 삼성전자 1700억원 순매도[핫종목]",https://n.news.naver.com/mnews/article/421/0008433880,경제
“삼성·LG도 압박”…美 철강 파생관세에 제조업계 ‘비상’,https://n.news.naver.com/mnews/article/029/0002976013,경제
휴머노이드 올림픽 열리자 해외 관련주·ETF 인기,https://n.news.naver.com/mnews/article/009/0005543166,경제
"미 반도체 관세에 인플레 우려까지…코스피 3200, 코스닥 800 붕괴",https://n.news.naver.com/mnews/article/469/0000882140,경제
"셀루메드, 인공관절 소송 최종 합의에도 하한가 기록[Why 바이오]",https://n.news.naver.com/mnews/article/011/0004522175,경제
해외 주식 열풍에... 증권사 외화증권 수수료 '껑충',https://n.news.naver.com/mnews/article/014/0005393020,경제
동영상뉴스재생시간05:25,https://n.news.naver.com/mnews/article/374/0000458129,경제
[종목리포트] 빌게이츠 8월 21일 방한…백신 협력 기대감↑,https://n.news.naver.com/mnews/article/374/0000458129,경제
신정부 출범 이후 공모주 훈풍…다음 달부터는 '눈치보기' 돌입,https://n.news.naver.com/mnews/article/008/0005237376,경제
"코스피, 외국인 매도에 3200선 내줘…코스닥도 800선 밑으로",https://n.news.naver.com/mnews/article/277/0005638555,경제
"'마스가 프로젝트' 닻 올랐다…조선 빅3, 물밑작업 박차",https://n.news.naver.com/mnews/article/015/0005172063,경제
'예상밖 급성장' 넥스트레이드 무더기 거래중지…15%룰 바뀔까,https://n.news.naver.com/mnews/article/001/0015571897,경제
"'트럼프 책사' 나바로 ""印, 러 원유 구매는 기회주의적"" 비판",https://n.news.naver.com/mnews/article/277/0005638553,경제
美 관세 '폭격'에 코스피·코스닥 동반 하락 [마켓시그널],https://n.news.naver.com/mnews/article/011/0004522173,경제
Z세대는 왜 데이트를 포기했을까...“돈 없어서 데이트 N0”,https://n.news.naver.com/mnews/article/024/0000099304,경제
"日닛케이지수, 또 역대 최고치…같은 날 韓 코스피·코스닥 ‘폭싹’ [투자360]",https://n.news.naver.com/mnews/article/016/0002515774,경제
"BTS, 불닭 말고 우리도 있다…방탄 제조 삼양테크 ‘따블’ 급등",https://n.news.naver.com/mnews/article/009/0005543155,경제
문다혜氏 사기혐의 ‘무혐의’…“생각보다 모금액 적어 그대로 뒀다”[세상&],https://n.news.naver.com/mnews/article/016/0002515768,사회
589억 챙긴 '건축왕'…세 번째 전세사기 재판서 징역 7년,https://n.news.naver.com/mnews/article/057/0001902967,사회
"김건희특검, 전 세계일보 부회장 소환…'윤핵관' 연결고리 지목",https://n.news.naver.com/mnews/article/001/0015571003,사회
대전 대표 캐릭터 ‘꿈씨패밀리’ 접목한 한정판 운동화 나온다,https://n.news.naver.com/mnews/article/032/0003390202,사회
"원민경 후보자 ""여가부 안정 제일 시급…성평등가족부로 확대""",https://n.news.naver.com/mnews/article/055/0001284604,사회
"'순직해병' 특검, '수사 외압 의혹' 유재은 전 법무관리관 소환",https://n.news.naver.com/mnews/article/214/0001443353,사회
"군인 아들 마중가던 어머니 사망...음주운전자, 시속 135㎞ 질주",https://n.news.naver.com/mnews/article/052/0002234313,사회
"농협중앙회, 2025 을지연습 “우리가 앞장”",https://n.news.naver.com/mnews/article/029/0002975998,사회
김건희·집사·건진 특검 동시 출석…오늘 대질신문 가능성,https://n.news.naver.com/mnews/article/029/0002975790,사회
'피'로 쓴 구조 신호…30시간 만에 구출된 여성,https://n.news.naver.com/mnews/hotissue/article/055/0001284730?type=series&cid=2002456,사회
'짝퉁' 판치는 중국…'라부부' 덕에 달라졌다?,https://n.news.naver.com/mnews/hotissue/article/055/0001284649?type=series&cid=2002456,사회
온라인 카지노 개설?…'딥페이크' 범죄 표적된 강원랜드,https://n.news.naver.com/mnews/hotissue/article/055/0001284603?type=series&cid=2002456,사회
알래스카 빙하 녹아 침수…한때 대피령,https://n.news.naver.com/mnews/hotissue/article/055/0001284062?type=series&cid=2002456,사회
[현장에서] ‘윤어게인과 헤어질 결심’을 믿을 수 없는 이유,https://n.news.naver.com/mnews/article/028/0002761725,사회
“행정병 마음대로 포상휴가 펑펑 썼다”…뻥 뚫린 軍인사행정,https://n.news.naver.com/mnews/article/016/0002515785,사회
"'구속 후 두 번째 조사' 김건희, 진술거부권 행사...""기억 안 난다""",https://n.news.naver.com/mnews/article/586/0000109657,사회
충남 천안서 여중생 집단폭행한 중·고교생 5명 입건,https://n.news.naver.com/mnews/article/119/0002992142,사회
"""또 '폭발물 소동'에 400명 대피했는데""…알고보니 배달기사 '자작극'이었다",https://n.news.naver.com/mnews/article/011/0004522180,사회
전국 출생 미신고 아동 30명 넘어…학교 교육 등 국가지원 허점,https://n.news.naver.com/mnews/article/018/0006092924,사회
"""공인 아닌 줄""…'부정선거' 외친 양궁선수, '국대 자격' 박탈 위기",https://n.news.naver.com/mnews/article/008/0005237385,사회
"특검팀, 김건희 구속 후 2차 소환 '공천개입·도이치' 조사…金 진술 거부권 행사 (종합)",https://n.news.naver.com/mnews/article/119/0002992139,사회
"카페 오픈 딱 맞춰 주문, 사장이 거절… ""출근시간은 영업시간 아니다""",https://n.news.naver.com/mnews/article/421/0008433898,사회
장애인석 '특별석'으로 둔갑해 티켓 판 한화... 결국 고발 당해,https://n.news.naver.com/mnews/article/047/0002484847,사회
"""억대 자동차도 팔아봤지만... 이걸 팔 때 더 뿌듯합니다""",https://n.news.naver.com/mnews/article/047/0002484846,사회
"채상병 특검, '과실치사 혐의' 수사 속도…핵심 인물 잇달아 조사 착수(종합)",https://n.news.naver.com/mnews/article/119/0002992137,사회
"""3,500만 원에 내 집 마련""…협동조합 임대아파트 피해 잇따라",https://n.news.naver.com/mnews/article/469/0000882143,사회
"군인 아들 마중가던 어머니 숨지게 한 음주운전자, 시속 135㎞ 질주",https://n.news.naver.com/mnews/article/056/0012010846,사회
"백혜련 의원, 내란특검 출석...""국회 표결 방해 행위 있었다고 생각""",https://n.news.naver.com/mnews/article/014/0005393027,사회
"“네가 피고로 만들었잖아”…20분간 구직자 괴롭힌 면접관, 결국",https://n.news.naver.com/mnews/article/009/0005543171,사회
"""윤, '계엄 다시 하면 된다' 언급""…추가 법정 증언",https://n.news.naver.com/mnews/article/055/0001284741,사회
'자선행사 모금액 먹튀 의혹' 문다혜 무혐의,https://n.news.naver.com/mnews/article/629/0000417597,사회
반세기 만에 철거된 서소문 고가…첫날부터 시민 혼란,https://n.news.naver.com/mnews/article/020/0003654859,사회
"[속보] 자선행사 후 모금액 기부 안 한 문다혜 '무혐의'…""횡령 의도 없어""",https://n.news.naver.com/mnews/article/654/0000137253,사회
동영상뉴스재생시간03:18,https://n.news.naver.com/mnews/article/052/0002234331,사회
"김문수, 비장한 표정으로 다리 찢기...또다시 체력 뽐내는 중? [Y녹취록]",https://n.news.naver.com/mnews/article/052/0002234331,사회
"""계엄, 尹 부부 공동책임"" 손배소…시민 1만2000여 명 참여",https://n.news.naver.com/mnews/article/586/0000109648,사회
군 복무 중 '포상 휴가' 상습 위조한 20대 집행유예,https://n.news.naver.com/mnews/article/079/0004056700,사회
[속보] '문재인 딸' 문다혜...'바자회 모금 기부 의혹' 무혐의 처분,https://n.news.naver.com/mnews/article/666/0000081497,사회
“수돗물이 31도라니”…“샤워하다 병 걸릴 지경” 난리난 이곳,https://n.news.naver.com/mnews/article/016/0002515779,사회
"""수능 전날 대청소에 당일 서서 근무""…교사 99% ""감독수당 인상해야""",https://n.news.naver.com/mnews/article/421/0008433872,사회
"'기부금 횡령 의혹' 문다혜 무혐의…경찰 ""횡령 의도 없어""",https://n.news.naver.com/mnews/article/277/0005638556,사회
"손에 휴대전화 쥔 채 교사 얼굴 폭행한 고3 '불송치'…피해교사 ""처벌 원치 않아""",https://n.news.naver.com/mnews/article/082/0001340545,사회
"김건희특검, 국민의힘에 2차 당원명부 확인 요청",https://n.news.naver.com/mnews/article/002/0002401875,사회
"채상병 특검, 尹 격노 뒤 박정훈에 '혐의자 축소' 전달된 경로 조사",https://n.news.naver.com/mnews/article/469/0000882139,사회
"[속보] ""횡령 의도 없다""…경찰, 문다혜 '바자회 모금 기부 의혹' 무혐의 처분",https://n.news.naver.com/mnews/article/088/0000965031,사회
호수에 빠진 남성 보자마자 풍덩…40대 남성 구조한 경찰,https://n.news.naver.com/mnews/article/277/0005638554,사회
문다혜 먹튀 의혹 '무혐의'…바자회 모금액 어디에?,https://n.news.naver.com/mnews/article/018/0006092907,사회
"“똑같이 일했는데, 왜 월급은?”…법제화되는 ‘동일노동 동일임금’",https://n.news.naver.com/mnews/article/024/0000099305,사회
“드라마에 꽂혀 ‘목사’…범죄조직 아니라는 ‘목사방’ 총책 김녹완의 변명 [플랫],https://n.news.naver.com/mnews/article/032/0003390215,사회
삼성중공업이 2.1조 일감 확보하는데 걸린 시간 ‘단 하루’,https://n.news.naver.com/mnews/article/082/0001340541,사회
국가유산청 매장유산 '합동지원단' 수도권→전국 확대,https://n.news.naver.com/mnews/article/014/0005393007,생활문화
"혈액암 CAR-T 치료제, 길리어드 ‘예스카타’ 국내 허가",https://n.news.naver.com/mnews/article/029/0002975962,생활문화
“삶으로 실천한 사랑의 증언”...유경촌 주교 장례미사 봉헌,https://n.news.naver.com/mnews/article/009/0005542994,생활문화
"여의도순복음교회 ""2010년 중단된 평양심장병원 공사 재개 모색""",https://n.news.naver.com/mnews/article/001/0015570735,생활문화
열대야 이어 다시 무더위...연천·파주·철원 호우 예비특보[날씨],https://n.news.naver.com/mnews/article/052/0002234193,생활문화
"""김대중 사형 집행, 한미 관계 위협""…美 대통령 서한 초고 공개",https://n.news.naver.com/mnews/article/001/0015570843,생활문화
'문학주간 2025' 9월 13일 개막...박천휴 작가 등 참여,https://n.news.naver.com/mnews/article/052/0002234225,생활문화
“출산 고통보다 심하다?”…폐경 여성 통풍 환자 급증,https://n.news.naver.com/mnews/hotissue/article/022/0004060766?type=series&cid=2001903,생활문화
“한국인 90%가 부족해요”…당신도 이미 위험 신호?,https://n.news.naver.com/mnews/hotissue/article/022/0004060644?type=series&cid=2001903,생활문화
“그냥 좀 불편한 줄 알았는데”…당신도 모르게 찾아온 치명적인 ‘이것’은?,https://n.news.naver.com/mnews/hotissue/article/022/0004060450?type=series&cid=2001903,생활문화
“몸에 좋다며 매일 먹었는데 오히려 염증 유발?”…믿었던 OO의 배신,https://n.news.naver.com/mnews/hotissue/article/022/0004060340?type=series&cid=2001903,생활문화
코로나19 감염이 여성 심혈관 노화 가속했다,https://n.news.naver.com/mnews/hotissue/article/081/0003566697?type=series&cid=2001659,생활문화
스토킹이 악질적 범죄라는 명백한 과학적 증거,https://n.news.naver.com/mnews/hotissue/article/081/0003565125?type=series&cid=2001659,생활문화
"‘술꾼’ 유전자, 알고 보니 ‘양분 보충 욕구’에서 기원?",https://n.news.naver.com/mnews/hotissue/article/081/0003564780?type=series&cid=2001659,생활문화
"아이 학습 능력, 외가 쪽 영향 크다",https://n.news.naver.com/mnews/hotissue/article/081/0003564567?type=series&cid=2001659,생활문화
한편의 풍경화 속으로 들어가는 듯... 외국인들도 찾는 이곳,https://n.news.naver.com/mnews/article/047/0002484844,생활문화
"쌀 10kg도 못들어 ‘헉헉’...나이들수록 빠지는 근육, 다시 살릴 비법이 있다 [지창대의 시니어 건강비책]",https://n.news.naver.com/mnews/article/009/0005543160,생활문화
‘아몬드’ 일주일간 매일 먹자…몸에 일어난 변화는?,https://n.news.naver.com/mnews/article/145/0000022224,생활문화
"빅시 모델 바바라 팔빈, ‘이 수술’ 근황 공개… “자궁에 병 있어, 뒤늦게 진단”",https://n.news.naver.com/mnews/article/346/0000096011,생활문화
7년만에 컴백…다 바뀌었는데 가격은 그대로,https://n.news.naver.com/mnews/article/009/0005543115,생활문화
‘10분의 기적’ 마사 스튜어트가 전하는 ‘10-10-100’ 집 안 정리법은?,https://n.news.naver.com/mnews/article/145/0000022223,생활문화
"한국GM 노조, 특근 거부 및 부분 파업 결정…""성실교섭 촉구""",https://n.news.naver.com/mnews/article/018/0006092870,생활문화
동영상뉴스재생시간02:00,https://n.news.naver.com/mnews/article/052/0002234312,생활문화
[날씨] 영남 곳곳 35℃↑...연천·파주·철원 호우 예비특보,https://n.news.naver.com/mnews/article/052/0002234312,생활문화
"마그네슘, ‘이 약’ 함께 먹으면 위험하다",https://n.news.naver.com/mnews/article/145/0000022222,생활문화
"온코닉, 췌장암 신약 '네수파립' 개발에 속도 붙는다",https://n.news.naver.com/mnews/article/014/0005393002,생활문화
동영상뉴스재생시간01:02,https://n.news.naver.com/mnews/article/214/0001443434,생활문화
[날씨] 경기 북부·강원 북부 시간당 30mm 비‥당분간 폭염·열대야,https://n.news.naver.com/mnews/article/214/0001443434,생활문화
12호 태풍 링링 서해 타고 올라와 중부지역 상륙하나? GDAPS-KIM 전망 업데이트,https://n.news.naver.com/mnews/article/088/0000965012,생활문화
"첫 에세이 내는 문형배 ""평균인의 삶 살고자 한 판사의 기록""",https://n.news.naver.com/mnews/article/018/0006092829,생활문화
"“8년간 몰랐다는데, 말이 돼?”… 엑스레이 찍어보니 가슴에 ‘이것’이, 무슨 일?",https://n.news.naver.com/mnews/article/346/0000096009,생활문화
"‘한국 최초 솔 가수’ 박인수, 18일 별세…향년 78세",https://n.news.naver.com/mnews/article/082/0001340519,생활문화
“아침 첫 커피는 ‘이 시간’에”…오후 3시 이후에는 피하라고?,https://n.news.naver.com/mnews/article/296/0000092166,생활문화
"[윤성은의 영화이야기] 이것은 좀비영화가 아니다, '좀비딸'",https://n.news.naver.com/mnews/article/052/0002234276,생활문화
"헬리코박터 제균 치료, 골다공증 위험 29% 뚝…분당서울대병원 연구",https://n.news.naver.com/mnews/article/020/0003654841,생활문화
SUV 일색 전기차 시장에 '변화 바람'…현대차·아우디·BYD 격돌,https://n.news.naver.com/mnews/article/015/0005171992,생활문화
박찬욱 효과…원작 소설 '액스' 품귀에 중고가 치솟았다,https://n.news.naver.com/mnews/article/015/0005171991,생활문화
바보 노무현보다 더 바보스러웠던 허대만,https://n.news.naver.com/mnews/article/047/0002484824,생활문화
동영상뉴스재생시간01:42,https://n.news.naver.com/mnews/article/422/0000771674,생활문화
[날씨] 전국 체감 33도 폭염…수도권·강원 비,https://n.news.naver.com/mnews/article/422/0000771674,생활문화
치매 시어머니 돌보며 손주 육아... 지친 이 몸은 누가 돌봐줄까요,https://n.news.naver.com/mnews/article/047/0002484821,생활문화
위 속 헬리코박터균 없애니 골다공증 위험 '뚝',https://n.news.naver.com/mnews/article/296/0000092165,생활문화
"‘새 박사’ 윤무부 교수 별세, 향년 84세… ‘이 질환’ 투병한 것으로 전해져",https://n.news.naver.com/mnews/article/346/0000096003,생활문화
"“두 달만 16kg 감량” 대만 50대 정치인, 확 바뀐 모습 화제… ‘이 습관’ 버렸더니 성공",https://n.news.naver.com/mnews/article/346/0000096002,생활문화
주말에 단돈 2만 원 캠핑 어때요?,https://n.news.naver.com/mnews/article/047/0002484819,생활문화
"대구문화예술진흥원, 내홍 심각한데 원장은 사표 제출",https://n.news.naver.com/mnews/article/088/0000964985,생활문화
선택의 자유와 차별 사이의 ‘노○○존’…어디까지 허용될까,https://n.news.naver.com/mnews/article/658/0000117096,생활문화
‘여사님과 비밀의 집사’…‘집사 게이트’ 의혹을 푼다[PD수첩],https://n.news.naver.com/mnews/article/016/0002515687,생활문화
"현대차 노조, 파업권 확보… 6년 연속 무분규 타결 깨지나",https://n.news.naver.com/mnews/article/417/0001095933,생활문화
동영상뉴스재생시간02:16,https://n.news.naver.com/mnews/article/052/0002234266,생활문화
"[날씨] 전국 폭염특보, 한낮 무더위 기승...중북부 밤까지 강한 비",https://n.news.naver.com/mnews/article/052/0002234266,생활문화
여주 파사성 산들바람…조금 이른 ‘가을 마중’ [함영훈의 멋·맛·쉼],https://n.news.naver.com/mnews/article/016/0002515679,생활문화
“여름 감기겠지”하고 방치하면 큰일…열나고 춥다면 ‘이 질병’ 의심해야,https://n.news.naver.com/mnews/article/011/0004522114,생활문화
"“SNS하는 여자는 거른다?”…SNS 속 프러포즈, ‘명품 예물 진열하는 행위로 변질’",https://n.news.naver.com/mnews/article/022/0004060784,생활문화
"""K뷰티 잘나가더니"" 에이피알의 80년대생 두 전무, 상반기만 170억씩 받은 비결",https://n.news.naver.com/mnews/article/003/0013427395,생활문화
"'50% 관세 폭탄' 예고된 인도…모디 총리, 대규모 감세 단행",https://n.news.naver.com/mnews/article/015/0005171937,세계
"""보너스 7000만원"" 11만명 몰렸다…美서 난리난 '이 직업'",https://n.news.naver.com/mnews/article/025/0003462520,세계
美에 초대형 투자했는데 이럴 줄은…삼성 뒤통수 때린 트럼프,https://n.news.naver.com/mnews/article/015/0005171863,세계
원화 스테이블코인 제도화 ‘가속페달’…글로벌 송금·결제 새판 짠다,https://n.news.naver.com/mnews/article/016/0002515080,세계
"“트럼프, 젤렌스키와 회담 잘 되면 22일까지 푸틴과 3자회담”",https://n.news.naver.com/mnews/article/021/0002729831,세계
"'후쿠시마 원전 2051년 폐로 불가능' 지적에도…日, 목표 고집 이유는?",https://n.news.naver.com/mnews/article/003/0013427862,세계
"젤렌스키 방미…""신뢰할 방식으로 전쟁 끝내야""",https://n.news.naver.com/mnews/article/422/0000771688,세계
"이스라엘, 가자시티 주민 강제 이주 강행…“계획된 전략의 한 축”",https://n.news.naver.com/mnews/article/028/0002761656,세계
"트럼프, 18일 우크라·유럽과 연쇄회담...러 평화협상안 설득",https://n.news.naver.com/mnews/article/052/0002234044,세계
Workers aged 50 and over outnumber 20s at major firms,https://n.news.naver.com/mnews/hotissue/article/044/0000273555?type=series&cid=1088065,세계
Children choose life satisfaction for best birthplace,https://n.news.naver.com/mnews/hotissue/article/044/0000273451?type=series&cid=1088065,세계
Russia overtakes Germany in beer output,https://n.news.naver.com/mnews/hotissue/article/044/0000273394?type=series&cid=1088065,세계
Koreans subscribe to over 2 OTT platforms on average; Netflix leads,https://n.news.naver.com/mnews/hotissue/article/044/0000273346?type=series&cid=1088065,세계
"""돈바스 넘기면 안전보장"" 푸틴 제안 들고 젤렌스키 설득 나선 트럼프",https://n.news.naver.com/mnews/article/469/0000882141,세계
日 엔화 스테이블코인 첫 승인…李 공약 ‘원화 코인’은 언제?,https://n.news.naver.com/mnews/article/081/0003566771,세계
"미국, 이민자 구금 시설 두 배로…단속 요원도 1만명 모집",https://n.news.naver.com/mnews/article/028/0002761715,세계
비만치료제 시장 급성장…'마운자로' vs '위고비' 양강구도,https://n.news.naver.com/mnews/article/015/0005172057,세계
"[영상] '안들려' 표정지었던 푸틴, ""돈바스 넘겨라""…우크라·서방 폭발",https://n.news.naver.com/mnews/article/001/0015571864,세계
내일 트럼프 만나는 마크롱 佛대통령 ‘식스팩’ 딱 걸렸다,https://n.news.naver.com/mnews/article/016/0002515762,세계
"푸틴, '돈바스' 왜 그리 탐내나... ""전략적·상징적 요충지""",https://n.news.naver.com/mnews/article/469/0000882135,세계
중국 '초대형 수중드론' 열병식 연습에 등장,https://n.news.naver.com/mnews/article/422/0000771710,세계
"[영상] ""가자시티 장악 안돼! 전쟁 끝내라""…이스라엘 100만 총파업",https://n.news.naver.com/mnews/article/001/0015571789,세계
"中 초대형 무인잠수정들, 승전 80주년 열병식 연습서 '주목'(종합)",https://n.news.naver.com/mnews/article/001/0015571775,세계
[Why] “마블도 떠났다”… ‘제2의 할리우드’ 조지아가 몰락한 이유,https://n.news.naver.com/mnews/article/366/0001101042,세계
"""민스크협정도 우크라 못지켰다""…젤렌스키, 돈바스 포기 일축(종합)",https://n.news.naver.com/mnews/article/003/0013427767,세계
최근 월가에서 급등한 주식 뒤에는 ‘팔란티어 마피아’가 있다,https://n.news.naver.com/mnews/article/421/0008433718,세계
"[포착] 빛의 속도로 날아가 ‘쾅’…러, 중국산 레이저로 우크라 드론 요격",https://n.news.naver.com/mnews/article/081/0003566743,세계
4만명 참가 중국 사상 최대 열병식…20m 수중드론 첫선,https://n.news.naver.com/mnews/article/081/0003566742,세계
트럼프 뜬금포 네글자에 천하제일 해석대회…'Bela' 누구냐 넌,https://n.news.naver.com/mnews/article/421/0008433676,세계
"아프간 탈레반, 수자원 인프라 구축 속도…주변국 피해 우려",https://n.news.naver.com/mnews/article/001/0015571659,세계
日 무인기로 연안 방어…중국군 드론스웜 공격에 대비,https://n.news.naver.com/mnews/article/015/0005172010,세계
"이스라엘 2분기 1인당 GDP, 역대 최저…이란과 12일 전쟁 후폭풍",https://n.news.naver.com/mnews/article/028/0002761701,세계
동영상뉴스재생시간02:46,https://n.news.naver.com/mnews/article/056/0012010765,세계
"[여기는 키이우] 러, 우크라 도네츠크 집중 공습…젤렌스키 “유럽의 단결이 중요”",https://n.news.naver.com/mnews/article/056/0012010765,세계
이스라엘 가자시티 점령 두고 내부 갈등 심화…대규모 시위·총파업,https://n.news.naver.com/mnews/article/015/0005172004,세계
880t 중 0.9g 꺼냈는데 8조원 적자···도쿄전력은 왜 ‘2051년 폐로’ 고집하나[뉴스 깊이보기],https://n.news.naver.com/mnews/article/032/0003390196,세계
"우크라, 한국의 전철 밟나…“최악의 경우, 러시아 보호령 전락""",https://n.news.naver.com/mnews/article/018/0006092809,세계
"100년 걸린다는데…일본, '2051년 후쿠시마 원전 폐기' 고집 이유는",https://n.news.naver.com/mnews/article/055/0001284706,세계
"백악관고문 ""인도는 기회주의적…대우받으려면 행동부터 변해야""",https://n.news.naver.com/mnews/article/001/0015571584,세계
"'관세 책사' 나바로, '50% 관세' 인도에 ""러 석유 구매 중단해야""",https://n.news.naver.com/mnews/article/421/0008433585,세계
"美 관세 표적된 인도, 8년 만에 대규모 감세",https://n.news.naver.com/mnews/article/018/0006092799,세계
"러시아·우크라이나 전쟁, ‘한국식 결말’인가 러시아 점령인가",https://n.news.naver.com/mnews/article/032/0003390193,세계
"中 증시, 10년 만에 최고치...“리스크 프리미엄 낮아졌다”",https://n.news.naver.com/mnews/article/123/0002366121,세계
젤렌스키와 ‘백악관 담판’ 앞두고 답 정한 트럼프 “나토 가입 불가”,https://n.news.naver.com/mnews/article/025/0003462602,세계
‘日 2051년 후쿠시마원전 폐기’ 거짓말인 거 다 아는데…“손 못대”,https://n.news.naver.com/mnews/article/016/0002515697,세계
종전 열쇠 부상한 우크라 안전보장…‘나토 가입 대신할 만한 수준’ 시사,https://n.news.naver.com/mnews/article/028/0002761678,세계
"젤렌스키 美 도착…""신뢰할 만한 방식으로 전쟁 끝나길""",https://n.news.naver.com/mnews/article/079/0004056632,세계
'사자굴' 백악관 집결하는 유럽 정상…또 시험대 선 대서양동맹(종합),https://n.news.naver.com/mnews/article/001/0015571524,세계
중국 승전 80주년 열병식 연습서 초대형 무인잠수정 등장,https://n.news.naver.com/mnews/article/055/0001284702,세계
"코오롱베니트, AI 얼라이언스 참여사 노타와 영상 관제 'NVA' 프리패키지 출시",https://n.news.naver.com/mnews/article/003/0013427741,IT과학
"우정사업본부 ""李 대통령 취임 기념우표, 다음달 11일 발행""",https://n.news.naver.com/mnews/article/374/0000458101,IT과학
"한컴위드, 상반기 영업익 25억…전년比 749.9% 증가",https://n.news.naver.com/mnews/article/003/0013426235,IT과학
"위로보틱스, '손가락 관절' 자유자재 휴머노이드 로봇 공개 [영상]",https://n.news.naver.com/mnews/article/015/0005172068,IT과학
"AI 체질 개선 성과 ‘본격화’…SK AX, 제조 현장 혁신 ‘박차’",https://n.news.naver.com/mnews/article/016/0002515380,IT과학
"아이티센글로벌, 상반기 매출 2조9000억원 '사상 최대'…웹3·IT서비스 성장 견인",https://n.news.naver.com/mnews/article/030/0003341449,IT과학
"""입소를 환영한다 훈련병!""…넥슨 '서든어택 20주년' 팝업스토어 가보니",https://n.news.naver.com/mnews/article/092/0002386571,IT과학
RNA 조절로 노화 속도 제어···장수 유도 비밀 밝혔다,https://n.news.naver.com/mnews/article/018/0006092373,IT과학
UBCI 4.61% 하락…알트코인 7.85%↓,https://n.news.naver.com/mnews/hotissue/article/092/0002386583?type=series&cid=2002920,IT과학
업비트 지수 5.04% 상승…알트코인 지수 13.43% 급등,https://n.news.naver.com/mnews/hotissue/article/092/0002385659?type=series&cid=2002920,IT과학
UBCI 4.56% 하락...전략지수 대부분 부진,https://n.news.naver.com/mnews/hotissue/article/092/0002384722?type=series&cid=2002920,IT과학
업비트 지수 1.05 상승...비트코인-이더리움 이끌어,https://n.news.naver.com/mnews/hotissue/article/092/0002383871?type=series&cid=2002920,IT과학
"멀티모달과 옴니모달 AI, 뭐가 다를까?",https://n.news.naver.com/mnews/hotissue/article/138/0002202878?type=series&cid=1089194,IT과학
‘저궤도위성통신’ 각광받는 이유?...韓 상용화 ‘코앞’,https://n.news.naver.com/mnews/hotissue/article/138/0002200977?type=series&cid=1089194,IT과학
"신뢰 기반 인공지능의 지침서, 'AI-BOM'",https://n.news.naver.com/mnews/hotissue/article/138/0002200716?type=series&cid=1089194,IT과학
"AI 시대, ‘업링크’ 중요해진 이유…“눈·귀 달린 AI 감당할 준비”",https://n.news.naver.com/mnews/hotissue/article/138/0002200451?type=series&cid=1089194,IT과학
"""최고의 완성도에 집중한다"" 붉은사막 출시 미뤄진 이유",https://n.news.naver.com/mnews/article/018/0006092910,IT과학
"TSMC 해외 공장 성적표는 ‘극과 극’… 美는 애플 업고 훨훨, 日은 고객 없어 휘청",https://n.news.naver.com/mnews/article/366/0001101058,IT과학
'제2의 지브리' 열풍 기대 '나노바나나' 정식 출격하나,https://n.news.naver.com/mnews/article/018/0006092886,IT과학
"[AI는 지금] 매출 1조 공룡도 못하는 '이것'…AI 스타트업, 생존 열쇠는 '고객사 장악력'",https://n.news.naver.com/mnews/article/092/0002386612,IT과학
"아이티센, 사상 최대 반기 실적 달성",https://n.news.naver.com/mnews/article/029/0002976003,IT과학
"스테이블코인 공방…은행 ""발행요건 높여야"" vs 플랫폼 ""개방형 경쟁으로""",https://n.news.naver.com/mnews/article/092/0002386611,IT과학
"국가AI전략위원회 빨라야 내달 출범, 어떻게 바뀌나",https://n.news.naver.com/mnews/article/008/0005237362,IT과학
"“화재 위험 막아라” 배터리 3사, 'CI 슬러리' 적용 확대",https://n.news.naver.com/mnews/article/030/0003341579,IT과학
"컴투스 직원, 테스트용 아이템 빼돌려 판매… 해고 이후에도 불법 거래",https://n.news.naver.com/mnews/article/366/0001101048,IT과학
'케데헌' 대박에도 씁쓸한 소니?…1조 벌어도 받는 돈은 고작 '270억',https://n.news.naver.com/mnews/article/008/0005237354,IT과학
"한화솔루션, 정부 구조조정 앞두고 M&A 인력 충원 나서",https://n.news.naver.com/mnews/article/092/0002386608,IT과학
담뱃값 올려도 4개월이면 원위치…경고 그림도 효과 없다,https://n.news.naver.com/mnews/article/366/0001101046,IT과학
"""항생제 내성 슈퍼박테리아 출현 70여년전 예견됐다""",https://n.news.naver.com/mnews/article/584/0000033943,IT과학
노화 늦추고 수명 연장 단백질 비밀 밝혀지다,https://n.news.naver.com/mnews/article/029/0002975994,IT과학
"자폐 치료 새 열쇠, 장내 세균에서 발견",https://n.news.naver.com/mnews/article/366/0001101044,IT과학
"장현국 넥써쓰, 달러·원화 아우르는 단계적 스테이블코인 전략 제시",https://n.news.naver.com/mnews/article/092/0002386604,IT과학
TSMC '고가·프리미엄 동맹' vs 삼성 '저가+속도'…2나노 시장 정면승부 [소부장반차장],https://n.news.naver.com/mnews/article/138/0002202898,IT과학
"KT 노사, 기본급 3% 인상안 잠정 합의",https://n.news.naver.com/mnews/article/003/0013427740,IT과학
"""기업 원화 스테이블코인 발행·유통, 금산분리 아냐""",https://n.news.naver.com/mnews/article/092/0002386600,IT과학
"AMD, 2분기 서버용 CPU 점유율 27% 돌파",https://n.news.naver.com/mnews/article/092/0002386599,IT과학
반도체 관세 결정 초읽기…삼성·SK 추가 투자 나서나,https://n.news.naver.com/mnews/article/030/0003341550,IT과학
"금융위, 가상자산기본법 의원입법 추진..여야 ‘크립토 선점 경쟁’ [크립토브리핑]",https://n.news.naver.com/mnews/article/014/0005392976,IT과학
“지원 AI 모델만 42만 개··· 생태계에 대한 고민이 프렌들리AI의 시작”,https://n.news.naver.com/mnews/article/020/0003654844,IT과학
"KT노사, 임금 3% 인상에 일시금 300만원 지급 잠정합의",https://n.news.naver.com/mnews/article/421/0008433668,IT과학
"""갤럭시 샀더니 '틀딱' 취급""…1020 女 반응 폭발하더니 '반전'",https://n.news.naver.com/mnews/article/015/0005172014,IT과학
"반복된 코피, 이상신호였다…비강암 강아지, '냉동절제술'로 희망",https://n.news.naver.com/mnews/article/421/0008433648,IT과학
국내 소프트웨어 기업 상반기 실적 ‘상승’… AI·클라우드 신기술로 선방,https://n.news.naver.com/mnews/article/366/0001101033,IT과학
"자폐증, 유전적 요인 외에 ‘장내미생물’서 해결 열쇠 찾다",https://n.news.naver.com/mnews/article/029/0002975981,IT과학
"'AI 퍼스트' 외쳤다 낭패 본 美 기업, 싸늘한 여론에 CEO ""인력 대체 의미 아냐""",https://n.news.naver.com/mnews/article/092/0002386590,IT과학
"'미성년 관능 대화' 허용 메타, '위험 강제 차단' 앤스로픽 사이 AI 윤리 [윤민혁의 실리콘밸리View]",https://n.news.naver.com/mnews/article/011/0004522141,IT과학
테스트 아이템 불법 유출로 곤혹…위기관리 시험대 오른 컴투스,https://n.news.naver.com/mnews/article/015/0005171998,IT과학
"AI발 해고 칼바람 한창인데… 머스크·올트먼, ‘기본소득 도입’ 전망하는 이유는",https://n.news.naver.com/mnews/article/366/0001101030,IT과학
"KT노사, 임금 3% 인상안 잠정합의",https://n.news.naver.com/mnews/article/092/0002386588,IT과학
"AST스페이스모바일, 미국 이어 2026년 일본 진출... 한국은?",https://n.news.naver.com/mnews/article/030/0003341528,IT과학
이통3사 전체 인력 감축 기조에도 보안 담당자는 확대,https://n.news.naver.com/mnews/article/030/0003341524,IT과학
"“사람 손처럼 정밀하다”...위로보틱스, 범용 휴머노이드 ‘알렉스’ 최초 공개",https://n.news.naver.com/mnews/article/009/0005543045,IT과학
